,TRACT,centroid_x,centroid_y
0,530330003001,-122.32830213260868,47.73034564565217
1,530330003002,-122.3409564972973,47.73183904864865
2,530330004021,-122.35550136,47.72218610666666
3,530330004022,-122.34838987391304,47.7161527173913
4,530330004023,-122.3559270736842,47.71409350526316
5,530330004024,-122.35608373,47.71824503
6,530330005001,-122.3697286457143,47.72342426857143
7,530330005002,-122.3635541,47.72056375238096
8,530330007001,-122.29486146153846,47.71731764615385
9,530330007002,-122.29679673043478,47.71431833478261
10,530330007003,-122.30783465454546,47.7175287
11,530330007004,-122.30769002222225,47.71400249444444
12,530330008001,-122.28656300526316,47.715812552631576
13,530330008002,-122.28557042173912,47.70867319130435
14,530330009001,-122.27917126363636,47.71176183181819
15,530330009002,-122.2749668875,47.703233928125
16,530330010001,-122.29606603076924,47.70982773846154
17,530330010002,-122.297160875,47.70417335833333
18,530330011001,-122.30580852608696,47.70892396086957
19,530330011002,-122.307295475,47.704332325
20,530330013001,-122.33748706538462,47.70261940384615
21,530330013002,-122.3460430875,47.70479749375
22,530330013003,-122.34529508076922,47.70026070769231
23,530330014001,-122.3558591736842,47.71056058947369
24,530330014002,-122.35788985833334,47.7071599875
25,530330014003,-122.36401930714284,47.70266098571428
26,530330014004,-122.37214825384616,47.70360228846153
27,530330015001,-122.390588532,47.697168132
28,530330015002,-122.3981093826087,47.69545083043479
29,530330016001,-122.37949005555556,47.70410457777778
30,530330016002,-122.38434440384616,47.69693293076924
31,530330016003,-122.37799907142856,47.6933105
32,530330017011,-122.35756904736844,47.69223924736842
33,530330017012,-122.3523620882353,47.69596506470588
34,530330017013,-122.35248181904764,47.70244284761905
35,530330017021,-122.35735176842104,47.69901435263158
36,530330017022,-122.36776529411766,47.692291147058825
37,530330017023,-122.36875810714288,47.69620767142857
38,530330017024,-122.36200082222224,47.69826530555556
39,530330018001,-122.3371956,47.6942016368421
40,530330018002,-122.34440590588235,47.69224175882353
41,530330018003,-122.3462907473684,47.69524287894737
42,530330019001,-122.32834486666668,47.69992853888888
43,530330019002,-122.32032817,47.69493733
44,530330019003,-122.32832690454546,47.69305500454546
45,530330020001,-122.30890769032258,47.69439716451613
46,530330020002,-122.31388083125,47.69925286875
47,530330020003,-122.31393293076924,47.694652192307686
48,530330021001,-122.29356969615384,47.69552325769231
49,530330021002,-122.30150921764708,47.69725557647059
50,530330021003,-122.30135660555555,47.6926536
51,530330022001,-122.2834188,47.7016395137931
52,530330022002,-122.28713921875,47.69566299375
53,530330022003,-122.27898554814816,47.69357001481481
54,530330022004,-122.27279331612904,47.68743654193548
55,530330024001,-122.28494146666668,47.68808302857143
56,530330024002,-122.28465439,47.68448857
57,530330025001,-122.30233452941177,47.68677539117647
58,530330025002,-122.3034994111111,47.67947362222222
59,530330026001,-122.30971454210524,47.68779648947368
60,530330026002,-122.31169227083336,47.681787175
61,530330026003,-122.31230337619048,47.67750532380952
62,530330026004,-122.315202744,47.685286596
63,530330027001,-122.3209881653846,47.68690313846154
64,530330027002,-122.32754126938777,47.68719669387755
65,530330027003,-122.33455002777777,47.68665397777778
66,530330027004,-122.3422803,47.686665483333336
67,530330028001,-122.34987645,47.6854862125
68,530330028002,-122.34904619285714,47.6828221
69,530330028003,-122.34892419333332,47.68068775333333
70,530330028004,-122.34991704,47.68875045
71,530330029001,-122.36040431818182,47.6885557590909
72,530330029002,-122.35849440384617,47.68222975
73,530330029003,-122.3635259368421,47.683394963157895
74,530330030001,-122.36784948,47.685145483333336
75,530330030002,-122.37648004,47.68873679
76,530330030003,-122.37354435909091,47.68307313636364
77,530330030004,-122.379465915,47.68320062
78,530330031001,-122.38541953333332,47.68778388888889
79,530330031002,-122.39117679999998,47.68667454444444
80,530330031003,-122.38552021764706,47.68215367058824
81,530330031004,-122.39601118620688,47.6811621862069
82,530330031005,-122.399409,47.687106265
83,530330034001,-122.36179735625,47.674180425
84,530330034002,-122.36196502777776,47.67777375555556
85,530330034003,-122.36245579473685,47.67019799473684
86,530330035001,-122.35101082647058,47.67765276176471
87,530330035002,-122.351181676,47.674025072000006
88,530330035003,-122.35444103225808,47.668666125806446
89,530330038001,-122.29298528666666,47.67880824
90,530330038002,-122.29831216875,47.67962229375
91,530330039001,-122.28562454814814,47.67931793333333
92,530330039002,-122.27821241904762,47.67870210952381
93,530330040001,-122.260595618,47.681403158
94,530330040002,-122.27185342777778,47.67899303888888
95,530330043011,-122.29809551904762,47.66507427142857
96,530330043012,-122.29854986153848,47.67223535384616
97,530330043013,-122.3038175724138,47.671921934482754
98,530330043021,-122.3050300076923,47.66484023076923
99,530330043022,-122.3022274923077,47.665569969230766
100,530330045001,-122.31974101764706,47.6684267
101,530330045002,-122.32450336578948,47.66881622894737
102,530330046001,-122.3384712625,47.671328940625
103,530330046002,-122.3322712,47.67007195238095
104,530330046003,-122.33238501538462,47.66631536153846
105,530330048001,-122.359270603125,47.66585605
106,530330048002,-122.35818524285716,47.66001098214286
107,530330048003,-122.3619191617647,47.65627912352941
108,530330048004,-122.36390561578946,47.66373258421053
109,530330050001,-122.34138769,47.663075104
110,530330050002,-122.3421412,47.65790427222223
111,530330050003,-122.34477465625,47.6608525
112,530330051001,-122.33261683703704,47.662495051851856
113,530330051002,-122.3320251,47.65793275
114,530330051003,-122.3318926681818,47.65384834090909
115,530330056001,-122.407178764,47.65009765200001
116,530330056002,-122.41426911470587,47.64933919117647
117,530330056003,-122.40447961568628,47.63742420392157
118,530330056004,-122.40521076060604,47.64190963333333
119,530330056005,-122.39483554464286,47.63637174107144
120,530330057001,-122.4143039875,47.662376990625
121,530330057002,-122.39377772,47.648477388
122,530330057003,-122.39640104444445,47.642099127777776
123,530330057004,-122.40014486,47.650622815000006
124,530330057005,-122.39799377307692,47.66231838076923
125,530330058011,-122.38489113636363,47.6510123
126,530330058012,-122.38933712857144,47.65109294285714
127,530330058013,-122.39070937894736,47.65527705263158
128,530330058014,-122.3837165609756,47.65611073414634
129,530330060001,-122.34388795,47.64034853333334
130,530330060002,-122.34998272307692,47.64388215961538
131,530330060003,-122.35724970357144,47.643129550000005
132,530330060004,-122.35725228333334,47.64887727333333
133,530330061001,-122.31993361333332,47.648406316666666
134,530330061002,-122.31808861086957,47.642363708695655
135,530330061003,-122.32417292,47.64730581
136,530330061004,-122.32494043809524,47.64127530476191
137,530330062001,-122.29824421011236,47.64080870674157
138,530330062002,-122.30554510576924,47.64209066538462
139,530330062003,-122.30805337272729,47.63476081818181
140,530330063001,-122.27695522083332,47.64067369166667
141,530330063002,-122.28050038378376,47.6313197
142,530330063003,-122.28327948461538,47.636756988461535
143,530330063004,-122.28921767878788,47.63200375757575
144,530330064001,-122.29954508,47.628061244
145,530330064002,-122.31059753333334,47.62874235
146,530330064003,-122.3054201,47.628705005
147,530330065001,-122.3179414972973,47.6349707972973
148,530330065002,-122.3226782,47.62726386428572
149,530330065003,-122.3167365173913,47.62597496521739
150,530330066001,-122.32817618630136,47.629389476712326
151,530330066002,-122.32534663636363,47.637282277272725
152,530330068001,-122.35321406857142,47.63623239428571
153,530330068002,-122.35875309285714,47.63575896428572
154,530330069001,-122.3653879,47.63695623333333
155,530330069002,-122.3673422909091,47.63299426060606
156,530330069003,-122.36631412068964,47.62980711379311
157,530330076001,-122.30738196875,47.62432075
158,530330076002,-122.30539518,47.620156273333336
159,530330076003,-122.31046761333332,47.6209546
160,530330077001,-122.2939290945946,47.61954949189189
161,530330077002,-122.2984500736842,47.62318545263158
162,530330077003,-122.29929549473684,47.61520389473684
163,530330077004,-122.29983045882352,47.61956030588235
164,530330078001,-122.28357513382356,47.61242178676471
165,530330078002,-122.2882872804878,47.60918643902439
166,530330078003,-122.2888702862069,47.61392890689656
167,530330078004,-122.2881128368421,47.61961779210527
168,530330080021,-122.34254578888888,47.61161015555555
169,530330080022,-122.34714031153848,47.61234586538462
170,530330082001,-122.3323329625,47.61049739107143
171,530330082002,-122.32974821333332,47.60817354
172,530330082003,-122.33037844444443,47.61047141111111
173,530330083001,-122.32634848333332,47.609910258333336
174,530330083002,-122.330367644,47.61437777
175,530330085001,-122.32820095882352,47.60595060392157
176,530330085002,-122.32199669,47.605741935000005
177,530330085003,-122.32599706470587,47.60320802941176
178,530330086001,-122.315176732,47.60903592
179,530330086002,-122.318748744,47.608271684
180,530330086003,-122.3164663,47.60347627
181,530330087001,-122.30727901111112,47.60828434814815
182,530330087002,-122.304566225,47.60399304375
183,530330087003,-122.30970743157894,47.60352524736842
184,530330088001,-122.297417156,47.61094646
185,530330088002,-122.296694044,47.607045128
186,530330088003,-122.29778586,47.603038435
187,530330089001,-122.28814992,47.59664874
188,530330089002,-122.29429654137932,47.59481898275863
189,530330089003,-122.29697562333334,47.60003584333333
190,530330089004,-122.30022210588236,47.59525034705882
191,530330090001,-122.30438997222222,47.59765037222222
192,530330090002,-122.311432555,47.5991198925
193,530330091001,-122.3209066967742,47.59837934193549
194,530330091002,-122.32561676153848,47.5975436
195,530330092001,-122.32631584,47.600484
196,530330092002,-122.33310236170212,47.600558119148936
197,530330093001,-122.32182156153846,47.59276574923077
198,530330093002,-122.33339561476512,47.59127898724832
199,530330093003,-122.3302721384106,47.57043546909492
200,530330094001,-122.315829125,47.5879821625
201,530330094002,-122.3072233968085,47.59063408617021
202,530330094003,-122.30700959047618,47.58387447380952
203,530330094004,-122.31454166,47.58398136666666
204,530330094005,-122.3126274318182,47.58970285
205,530330095001,-122.28946709438203,47.58819905955056
206,530330095002,-122.298151468,47.587932643
207,530330095003,-122.28586110303031,47.57631858939394
208,530330095004,-122.29402477272728,47.57645275757576
209,530330096001,-122.38110536666666,47.58503296666667
210,530330096002,-122.386319625,47.58353059375
211,530330096003,-122.39365729565216,47.5838470826087
212,530330096004,-122.38915610434782,47.587845404347824
213,530330097011,-122.4060788375,47.57725720416666
214,530330097012,-122.4114056181818,47.57555894545454
215,530330097013,-122.41209674411763,47.576864400000005
216,530330097014,-122.40533065609756,47.56737477073171
217,530330097021,-122.39248889166667,47.57734973749999
218,530330097022,-122.39243817058824,47.56828145882353
219,530330097023,-122.39483700588237,47.56218044705882
220,530330097024,-122.39902231818182,47.56906203636363
221,530330099001,-122.37374712666666,47.57057610333334
222,530330099002,-122.35980879375,47.5645929
223,530330099003,-122.37170763571427,47.56186255714285
224,530330099004,-122.3572416516854,47.57275277565543
225,530330100011,-122.30087385333331,47.574001413333335
226,530330100012,-122.31252726756756,47.56561397027027
227,530330100013,-122.29725462820512,47.56391916923077
228,530330100021,-122.3138786347826,47.5761087
229,530330100022,-122.31101180384616,47.57853997307692
230,530330100023,-122.30558572592592,47.578331803703705
231,530330102001,-122.26646060416668,47.55634987083334
232,530330102002,-122.26146701052632,47.55030466578948
233,530330102003,-122.27269703333334,47.54960015
234,530330102004,-122.27231726857144,47.55525276
235,530330104011,-122.29468304117646,47.55676043529412
236,530330104012,-122.29632843225806,47.5546490516129
237,530330104013,-122.29423095333333,47.54800850666666
238,530330104021,-122.31304282830187,47.54984679056604
239,530330104022,-122.30825710588236,47.55727174705882
240,530330104023,-122.30330024615384,47.55170518846153
241,530330104024,-122.3152521111111,47.557264951851856
242,530330107011,-122.36525652916669,47.547771141666665
243,530330107012,-122.36717351379308,47.53684115172414
244,530330107021,-122.37253204117646,47.5506332882353
245,530330107022,-122.37101981363638,47.5460278
246,530330107023,-122.37401910625,47.54391801875
247,530330108001,-122.34762109056604,47.54595118867925
248,530330108002,-122.35837512307693,47.54208798461538
249,530330108003,-122.360433665,47.554460855
250,530330109001,-122.31606411571428,47.537777052857145
251,530330109002,-122.32910156982248,47.54866455680474
252,530330110011,-122.28992248,47.54230877
253,530330110012,-122.28462005000002,47.54129705
254,530330110013,-122.28427690555554,47.533846922222224
255,530330110021,-122.29817058620692,47.5388241
256,530330110022,-122.29535936744186,47.54228380232558
257,530330110023,-122.30001662222224,47.54356434444444
258,530330111011,-122.27310946666668,47.540954725000006
259,530330111012,-122.27726632105264,47.53840718947369
260,530330111013,-122.27564642,47.53396808
261,530330111014,-122.281120424,47.543869592
262,530330111021,-122.2628931,47.53997057777778
263,530330111022,-122.2712380181818,47.54365053636364
264,530330111023,-122.271336,47.534233740000005
265,530330111024,-122.26856585555556,47.53726791111112
266,530330112001,-122.329062694,47.526043832
267,530330112002,-122.3285870264368,47.53463214137931
268,530330112003,-122.316768115625,47.524080021875
269,530330113001,-122.34155173947369,47.52775007105263
270,530330113002,-122.3490053818182,47.518856377272726
271,530330113003,-122.35042265,47.52271998125
272,530330113004,-122.35143192777775,47.52771000555556
273,530330113005,-122.3497806625,47.5311978375
274,530330114011,-122.36477960769233,47.53167408461539
275,530330114012,-122.36339253,47.52656288
276,530330114013,-122.3576274,47.530434890476194
277,530330114021,-122.36472323421052,47.52279939210526
278,530330114022,-122.3585423826087,47.51944815217392
279,530330114023,-122.36902918,47.51921641333333
280,530330115001,-122.37256707037038,47.532418022222224
281,530330115002,-122.376546675,47.52510784642857
282,530330115003,-122.378487584,47.533220832
283,530330117001,-122.27873632307691,47.52592081153846
284,530330117002,-122.28732893636364,47.52006986060606
285,530330117003,-122.2854628516129,47.5258409
286,530330117004,-122.27501106086956,47.51499844347826
287,530330120001,-122.37536207619048,47.51395050952381
288,530330120002,-122.38045690833331,47.51017512083333
289,530330120003,-122.3853959090909,47.51460152727272
290,530330121001,-122.39015961666666,47.5105146875
291,530330121002,-122.37623049333334,47.50317190333333
292,530330201001,-122.38175784545454,47.768794477272735
293,530330201002,-122.3881006939394,47.77057208181818
294,530330201003,-122.38643365185186,47.77548431111112
295,530330202001,-122.35657178666666,47.77438479333333
296,530330202002,-122.35766892777777,47.76769544444445
297,530330202003,-122.37404413,47.77403938
298,530330202004,-122.36487034,47.77469575
299,530330204011,-122.31587899333334,47.77247567
300,530330204012,-122.32386442,47.77182260666667
301,530330204013,-122.3119941736842,47.76823951578948
302,530330204021,-122.29482697727272,47.77354341363637
303,530330204022,-122.29843943333334,47.76451788
304,530330204023,-122.29509691,47.7667815
305,530330204024,-122.28961533125,47.76829760625
306,530330205001,-122.30882903,47.76057998
307,530330205002,-122.30794406,47.75405305
308,530330205003,-122.31058734210528,47.75039077894737
309,530330205004,-122.31918008,47.75458678
310,530330205005,-122.32014441111112,47.75937111111111
311,530330206001,-122.32990368666668,47.75871453333333
312,530330206002,-122.32688819473684,47.75461043684211
313,530330206003,-122.33400315294118,47.75138011764706
314,530330206004,-122.3376336375,47.7596226
315,530330207001,-122.34400662222222,47.75433491111111
316,530330207002,-122.34682201764706,47.76044357058824
317,530330207003,-122.3513007470588,47.7543543
318,530330208001,-122.3608420818182,47.76248337272728
319,530330208002,-122.35745737894736,47.755858194736845
320,530330208003,-122.36954816666666,47.75841223333333
321,530330209001,-122.34891379285716,47.742046975
322,530330209002,-122.35512288235292,47.73803527058824
323,530330209003,-122.36780086071428,47.74448434285715
324,530330210001,-122.3260781090909,47.74152741818182
325,530330210002,-122.33102637391303,47.73682169130434
326,530330210003,-122.34187503076924,47.73859527692308
327,530330210004,-122.34167475,47.744669627272735
328,530330210005,-122.33255681290322,47.74565451612903
329,530330211001,-122.3178875,47.744885275
330,530330211002,-122.31982156153846,47.73797374615385
331,530330211003,-122.30909633333334,47.73580038
332,530330213001,-122.28574862413794,47.73989084482759
333,530330213002,-122.29759384545454,47.73665577727272
334,530330213003,-122.29395005555556,47.74307112222223
335,530330214001,-122.2804246893617,47.753067882978726
336,530330214002,-122.29665017407407,47.74838486666667
337,530330214003,-122.299561,47.7599231
338,530330215001,-122.28297577142855,47.77449263809524
339,530330215002,-122.26859742857144,47.76431658928571
340,530330215003,-122.27156785873017,47.75781572857143
341,530330215004,-122.27204277058824,47.77000587058824
342,530330216001,-122.26379460967742,47.7742306516129
343,530330216002,-122.25698001470587,47.758964129411765
344,530330216003,-122.253572152,47.769420904
345,530330216004,-122.25944466666668,47.76572845555555
346,530330218021,-122.17608861578948,47.77189749868421
347,530330218022,-122.1773815044776,47.76157214776119
348,530330218023,-122.1617997975,47.7681188525
349,530330218031,-122.20932215185184,47.77061016666666
350,530330218032,-122.21581065,47.762755983333335
351,530330218033,-122.21129846363635,47.75635711636364
352,530330218034,-122.21901057096774,47.76946777096774
353,530330218041,-122.19701175853658,47.76975420487805
354,530330218042,-122.19333745617978,47.75928583370786
355,530330218043,-122.20432873103448,47.76945528275862
356,530330219031,-122.17591386777778,47.71429641444444
357,530330219032,-122.17832717096776,47.7226037516129
358,530330219033,-122.18277522142856,47.72903717857143
359,530330219034,-122.17808285714284,47.72845432857143
360,530330219041,-122.15834028275864,47.72009207241379
361,530330219042,-122.17081415714286,47.72084997857143
362,530330219043,-122.17048882580644,47.72860146129032
363,530330219044,-122.16862136190475,47.72403385714286
364,530330219051,-122.18305565319147,47.74859515531914
365,530330219052,-122.18507687142856,47.73797214857143
366,530330219053,-122.1767142255814,47.74988467674419
367,530330219054,-122.17772384545454,47.73757096666667
368,530330219061,-122.16419837021276,47.74473190212765
369,530330219062,-122.16258067234044,47.7335698212766
370,530330219063,-122.17168446956522,47.73394489130435
371,530330220011,-122.19336362142856,47.73576488809524
372,530330220012,-122.20156953783784,47.74599937162162
373,530330220013,-122.19516295081968,47.74460502295082
374,530330220031,-122.19415190714288,47.729054275
375,530330220032,-122.20257957222222,47.721218694444445
376,530330220033,-122.20542698333333,47.726331691666665
377,530330220034,-122.200285355,47.730986585
378,530330220051,-122.19720688644068,47.71695196101695
379,530330220052,-122.19195298,47.707680852
380,530330220053,-122.19903238333332,47.71320695
381,530330220061,-122.19735289583332,47.70235971666667
382,530330220062,-122.20310075,47.70756493181818
383,530330220063,-122.207243225,47.70608305
384,530330221011,-122.24628843809523,47.74580193333333
385,530330221012,-122.25687614193548,47.74642242903226
386,530330221013,-122.24439012916667,47.736495133333335
387,530330221014,-122.25711796190475,47.74289367619048
388,530330221021,-122.21841028888888,47.74143005
389,530330221022,-122.23540949166666,47.73747608333333
390,530330221023,-122.23718117894738,47.75019802105263
391,530330221024,-122.2257605173913,47.73697365217391
392,530330222011,-122.22532541428572,47.72951503571428
393,530330222012,-122.22535859310344,47.72235982758621
394,530330222013,-122.2380263576923,47.72684056153847
395,530330222031,-122.22381468035714,47.71157001785714
396,530330222032,-122.23150788518518,47.71346966851852
397,530330222033,-122.22341646666668,47.702385622222224
398,530330223001,-122.25122854078946,47.72120729342105
399,530330223002,-122.24011654193548,47.70864852580645
400,530330226031,-122.17018855714286,47.70474036428572
401,530330226032,-122.1689392625,47.69769245416666
402,530330226033,-122.1729783,47.69892255714286
403,530330226034,-122.17500695,47.69483693125
404,530330226041,-122.17093216923078,47.68150773846154
405,530330226042,-122.18148451463416,47.67648314146341
406,530330226043,-122.16861162580643,47.67125506774193
407,530330226051,-122.16023038585858,47.6986359969697
408,530330226052,-122.157247848,47.682416044
409,530330226053,-122.14154869090908,47.67833695
410,530330226061,-122.14881302,47.67146814333333
411,530330226062,-122.15888495142858,47.66417549714286
412,530330226063,-122.15890050943396,47.67244706603774
413,530330226064,-122.14815554761906,47.66385250476191
414,530330227011,-122.20454914,47.66405438
415,530330227012,-122.204851906,47.649936284
416,530330227021,-122.19272004,47.66442944666667
417,530330227022,-122.1924560111111,47.65810021111111
418,530330227023,-122.19779712285714,47.65372408571429
419,530330227031,-122.17344336031746,47.65886543809524
420,530330227032,-122.182230285,47.665312525
421,530330228021,-122.13865046666668,47.67135502777778
422,530330228022,-122.13018497857142,47.659478867857146
423,530330228023,-122.13721629069768,47.66380983488372
424,530330228031,-122.1371339342857,47.65067964857143
425,530330228032,-122.1244143263158,47.65039352894737
426,530330228033,-122.13520209411766,47.63795033176471
427,530330229011,-122.12102815238094,47.63379822380952
428,530330229012,-122.11442308095238,47.64154973809524
429,530330229021,-122.10539694848484,47.63673303636364
430,530330229022,-122.09522875185183,47.63412122592593
431,530330229023,-122.11005948823532,47.64538739411765
432,530330229024,-122.10630659642857,47.64730933571428
433,530330230001,-122.09641596666668,47.61958275185185
434,530330230002,-122.11190803448277,47.6249207
435,530330230003,-122.12136771875,47.628079153125
436,530330230004,-122.1026473488372,47.624385876744185
437,530330231001,-122.1126253388889,47.61689820555555
438,530330231002,-122.11872092941178,47.61768760588235
439,530330231003,-122.11029613636364,47.60189466060606
440,530330232011,-122.13761155294118,47.61341345882353
441,530330232012,-122.13914528571428,47.62034943809524
442,530330232013,-122.13644047,47.62435576
443,530330232021,-122.12769774210524,47.62257678947369
444,530330232022,-122.12697523125,47.61236021875
445,530330232023,-122.12343742857142,47.62183408571428
446,530330233001,-122.12040866956522,47.59754040869565
447,530330233002,-122.12867978421052,47.60028557368421
448,530330233003,-122.137740525,47.60301686785714
449,530330233004,-122.126850868,47.606318192
450,530330234011,-122.13793823913043,47.59376897826087
451,530330234012,-122.15159097462688,47.58514305671641
452,530330234013,-122.13920124444444,47.58358622222222
453,530330234031,-122.11112895090908,47.57320170363636
454,530330234032,-122.12558944,47.58295401666667
455,530330234033,-122.11546989545457,47.58336349545455
456,530330234041,-122.091682694,47.566341498
457,530330234042,-122.0813311509091,47.55988651272728
458,530330235001,-122.17063497222222,47.59396711666667
459,530330235002,-122.1718666,47.58745038235294
460,530330235003,-122.17559004423076,47.58654833653846
461,530330236011,-122.167095084,47.61833046
462,530330236012,-122.1833308445946,47.61095336216216
463,530330236013,-122.17045807777778,47.6073173
464,530330236031,-122.14845831538462,47.62147397307692
465,530330236032,-122.15649996666669,47.618976491666665
466,530330236033,-122.1532193882353,47.6125460882353
467,530330236034,-122.14534576190476,47.61389782857143
468,530330236041,-122.14988913333332,47.60556725833334
469,530330236042,-122.14681894,47.59957592
470,530330236043,-122.162404615,47.595083635
471,530330236044,-122.15421946111113,47.59251442222222
472,530330238011,-122.1922357076923,47.60504835384616
473,530330238012,-122.18428103506494,47.5896422012987
474,530330241001,-122.21760341,47.647017175
475,530330241002,-122.22565260333334,47.63667538333333
476,530330241003,-122.213989112,47.633710088
477,530330242001,-122.22915206666669,47.61983120952381
478,530330242002,-122.23590715352114,47.6290516774648
479,530330244001,-122.2109748875,47.5796496125
480,530330244002,-122.2235920809524,47.57975667142857
481,530330245001,-122.20976357924528,47.56803128113208
482,530330245002,-122.2206548,47.56863445333333
483,530330245003,-122.22925914857144,47.565932874285714
484,530330246011,-122.21440723333332,47.54897037575758
485,530330246012,-122.22640554583334,47.5496491125
486,530330246013,-122.23406725964912,47.5470332877193
487,530330246021,-122.22622313055555,47.53661678055556
488,530330246022,-122.22565104354838,47.53318931451613
489,530330247011,-122.181425259375,47.5671948265625
490,530330247012,-122.1765092,47.55634410666666
491,530330247013,-122.18272752105264,47.5572138631579
492,530330248001,-122.1293608195122,47.574669648780485
493,530330248002,-122.1501653142857,47.575441055714286
494,530330248003,-122.16986596071428,47.57578579821429
495,530330249011,-122.14809257826089,47.56600005652174
496,530330249012,-122.15678339772728,47.56451361818181
497,530330249013,-122.15566678285715,47.55785350571429
498,530330249014,-122.1660544923077,47.56276353076923
499,530330249021,-122.14197982051282,47.56327692307692
500,530330249022,-122.12900154,47.56397775999999
501,530330249023,-122.12978175555556,47.56941363333333
502,530330250011,-122.16894206428572,47.52595591785714
503,530330250012,-122.170883435,47.5351881925
504,530330250013,-122.17041644324324,47.543857497297296
505,530330250014,-122.17252061875,47.5535923375
506,530330250051,-122.1453602376344,47.52666195698925
507,530330250052,-122.1608076,47.53895182272727
508,530330250061,-122.11439970217393,47.54024610217392
509,530330250062,-122.06968274054054,47.53469827297297
510,530330250063,-122.09079653392855,47.536490185714285
511,530330251011,-122.16003064545454,47.50197766818182
512,530330251012,-122.16209161666666,47.508533875000005
513,530330251013,-122.1599399714286,47.51265921428571
514,530330251014,-122.14859740493829,47.51046372098765
515,530330253021,-122.20677193396229,47.4871541245283
516,530330253022,-122.2150064025974,47.48438075844155
517,530330253023,-122.2097646617284,47.4742965691358
518,530330255001,-122.16991794230768,47.490349865384616
519,530330255002,-122.16899215925925,47.500832451851856
520,530330255003,-122.17054848275862,47.49584722068965
521,530330256011,-122.16099782857142,47.48312925238096
522,530330256012,-122.16716203103448,47.483669000000006
523,530330256013,-122.18318831219511,47.48218956097561
524,530330256021,-122.15801353461538,47.4805112551282
525,530330256022,-122.14720715714286,47.47174570714286
526,530330256023,-122.14004232903228,47.482669967741934
527,530330257021,-122.159560565,47.466302995
528,530330257022,-122.16236259130436,47.4592937673913
529,530330257023,-122.1759554,47.46441162647059
530,530330258031,-122.174814808,47.451529228
531,530330258032,-122.183416836,47.450981316
532,530330258033,-122.18006797692308,47.446939223076924
533,530330258041,-122.1763844891892,47.46061884054054
534,530330258042,-122.17493198695652,47.45637230434782
535,530330258043,-122.1614838,47.45092430967742
536,530330258051,-122.19152688095238,47.44910292380952
537,530330258052,-122.19768739642858,47.45308653571429
538,530330258053,-122.1939284,47.46004988666667
539,530330258061,-122.21024731372547,47.45160264117647
540,530330258062,-122.20490008648648,47.44591098378378
541,530330258063,-122.20997050714286,47.46301058571429
542,530330260011,-122.24296833333334,47.50590048055555
543,530330260012,-122.23452895714289,47.50414033809524
544,530330260013,-122.23214978,47.49997017333333
545,530330260014,-122.23268089629627,47.491156644444445
546,530330262001,-122.24308871280354,47.4618496812362
547,530330262002,-122.26680995625,47.47899019375
548,530330262003,-122.26383505945948,47.46568524864865
549,530330262004,-122.2563719777778,47.466841333333335
550,530330263001,-122.29050535555557,47.513294875
551,530330263002,-122.2799348111111,47.4980113962963
552,530330264001,-122.30538502990656,47.51330583738318
553,530330264002,-122.3062717,47.50047374090909
554,530330264003,-122.3102823125,47.50898935625
555,530330264004,-122.3228500574468,47.51047039361702
556,530330265001,-122.3365096222222,47.51493382222222
557,530330265002,-122.3487524125,47.514803334375
558,530330265003,-122.33001439666668,47.50796256666667
559,530330266001,-122.35753877142857,47.512665242857146
560,530330266002,-122.365204916,47.512703380000005
561,530330267001,-122.3598281238095,47.50573836666666
562,530330267002,-122.35649901818182,47.49456318181819
563,530330267003,-122.36464255789473,47.49874334736842
564,530330267004,-122.368725512,47.500146088
565,530330268011,-122.33942216,47.509271108
566,530330268012,-122.33646911666666,47.50300545
567,530330268013,-122.35055815,47.50947441
568,530330268014,-122.34954941666666,47.50525463333333
569,530330268021,-122.34585705833332,47.502349325
570,530330268022,-122.34437024,47.49200467
571,530330268023,-122.33619405454546,47.49465876818181
572,530330268024,-122.34569655806452,47.49650452903226
573,530330270001,-122.31692109090908,47.49948113636364
574,530330270002,-122.32115904117646,47.4967797117647
575,530330270003,-122.32959460666666,47.49727599333333
576,530330271001,-122.29509769444444,47.490104422222224
577,530330271002,-122.30430810238096,47.49342212380952
578,530330272001,-122.28795585918368,47.490728712244895
579,530330272002,-122.2787241125,47.4881003453125
580,530330273001,-122.2892890375,47.48188625
581,530330273002,-122.28815648,47.47577728
582,530330273003,-122.30290462954544,47.47699132727273
583,530330273004,-122.30618701896552,47.48469770689655
584,530330274001,-122.32200955833332,47.48746430833333
585,530330274002,-122.31701403809522,47.48103015714285
586,530330274003,-122.32913891875,47.47758550625
587,530330274004,-122.32988554666667,47.48826219333333
588,530330275001,-122.344997332,47.486424688
589,530330275002,-122.33647427096774,47.48225647096774
590,530330275003,-122.340714205,47.47498215
591,530330276001,-122.35384575789472,47.486182936842106
592,530330276002,-122.35589236216217,47.47958069189189
593,530330276003,-122.364397676,47.470232568
594,530330277011,-122.456200546875,47.47572195625
595,530330277012,-122.47073325555554,47.499635517777776
596,530330277013,-122.44648961794871,47.42892183333333
597,530330277014,-122.48969987435896,47.46005428717949
598,530330277021,-122.4308112675,47.39556785
599,530330277022,-122.46974292222222,47.39867336666666
600,530330277023,-122.50984864897958,47.36274229387755
601,530330278001,-122.3651531125,47.45870215625
602,530330278002,-122.36625947826089,47.44970892608695
603,530330280001,-122.321554578125,47.46610224375
604,530330280002,-122.32817839,47.46559869
605,530330280003,-122.32792709736844,47.46956998157894
606,530330281001,-122.29402181999998,47.470533190000005
607,530330281002,-122.29749331111113,47.46629885111111
608,530330282001,-122.26911785555556,47.46445968194445
609,530330282002,-122.28365105319148,47.46264024680851
610,530330282003,-122.28543200714286,47.46790249285714
611,530330283001,-122.27227365357145,47.45566848571429
612,530330283002,-122.27014304285714,47.45036377857143
613,530330283003,-122.267191202994,47.42738441676647
614,530330284021,-122.28869575000002,47.45697125
615,530330284022,-122.28859363333336,47.45277205333333
616,530330284023,-122.28562793333334,47.44825929444445
617,530330284024,-122.30176153333336,47.44928685555556
618,530330284031,-122.28651758333334,47.44300031666667
619,530330284032,-122.2906082948718,47.439649305128206
620,530330284033,-122.27714351785714,47.43973324642857
621,530330285001,-122.32741599268292,47.45441653902439
622,530330285002,-122.32707079756098,47.43551147560976
623,530330285003,-122.33156735,47.4453682375
624,530330286001,-122.346910653125,47.425490325
625,530330286002,-122.340994125,47.44398170833333
626,530330286003,-122.34365578,47.43468403333333
627,530330286004,-122.33853171785714,47.42466866428572
628,530330286005,-122.34603597096776,47.45031362096774
629,530330287001,-122.3223348,47.42108288125
630,530330287002,-122.32893741860464,47.4126046627907
631,530330287003,-122.3308395128205,47.42680390769231
632,530330288011,-122.3140118547619,47.41290009047619
633,530330288012,-122.31038582978722,47.42437841489362
634,530330288021,-122.2898002442857,47.42857239428572
635,530330288022,-122.2826480484536,47.42826662474227
636,530330288023,-122.29360687857142,47.41255615714285
637,530330288024,-122.29387631666664,47.41879817777778
638,530330289011,-122.3144116,47.40536374117647
639,530330289012,-122.32323937333334,47.4056091
640,530330289013,-122.32078498,47.399824652
641,530330289021,-122.29663275416668,47.40593797083333
642,530330289022,-122.30838899444444,47.39494006111111
643,530330289023,-122.29376796923076,47.39706813846154
644,530330289024,-122.30055978333333,47.40425641666667
645,530330289025,-122.29868855333332,47.39606838666667
646,530330290011,-122.32003019166666,47.38924240833333
647,530330290012,-122.31792321578948,47.38920286842105
648,530330290013,-122.3215122074074,47.3790421037037
649,530330290031,-122.3025111,47.38801906
650,530330290032,-122.30263849615385,47.38341128461538
651,530330290033,-122.309268085,47.371928185
652,530330290034,-122.30058388333332,47.393078375
653,530330290041,-122.2971971943662,47.3817997
654,530330290042,-122.30008751481482,47.37242814444444
655,530330291011,-122.2819470390476,47.39395015714285
656,530330291012,-122.27826037586206,47.40426924827586
657,530330291021,-122.28933975,47.37841104444445
658,530330291022,-122.28281105757576,47.37704399090909
659,530330291023,-122.2791037614035,47.3821629
660,530330292031,-122.23458656407767,47.3858200262136
661,530330292032,-122.22346843448275,47.38429264137931
662,530330292051,-122.26459727727271,47.39111574090909
663,530330292052,-122.2558545,47.3845744
664,530330292053,-122.2626807076923,47.39069977692308
665,530330292061,-122.24279059106628,47.412702282420746
666,530330292062,-122.2512622357143,47.38395756428572
667,530330292063,-122.25386003333334,47.389536488888886
668,530330293041,-122.1792562125,47.43892192083334
669,530330293042,-122.161850409375,47.435851275
670,530330293043,-122.1685777925,47.441165215
671,530330293044,-122.16847382580644,47.43431569032258
672,530330293051,-122.21576312105265,47.42524665263158
673,530330293052,-122.20287466,47.41763782
674,530330293053,-122.20764618823527,47.427128452941176
675,530330293061,-122.190646375,47.42108008333333
676,530330293062,-122.18017814666668,47.42455702
677,530330293071,-122.16997653846153,47.422832743589744
678,530330293072,-122.15781405909092,47.42363298409091
679,530330293073,-122.150413184,47.426447588
680,530330294031,-122.20194596571427,47.40817372
681,530330294032,-122.19144482352942,47.40533887058823
682,530330294033,-122.1932112347826,47.41174752608696
683,530330294051,-122.1720376153846,47.41159648461538
684,530330294052,-122.18042225,47.4119225625
685,530330294053,-122.18359541538462,47.40600595384616
686,530330294054,-122.1778048,47.40496087142857
687,530330294061,-122.1753511235294,47.389566902941176
688,530330294062,-122.17555062363635,47.39796381636364
689,530330294071,-122.19963689230768,47.398024669230765
690,530330294072,-122.20466346129032,47.39302228709678
691,530330294073,-122.19909645555556,47.39184657777778
692,530330294081,-122.19296145384617,47.39881246153846
693,530330294082,-122.1892766818182,47.39478454545454
694,530330294083,-122.19427244545454,47.39005486363636
695,530330295041,-122.19472715625,47.3858473
696,530330295042,-122.1997396,47.37580981111111
697,530330295043,-122.1943907153846,47.37646998461538
698,530330296021,-122.20204147708334,47.335863510416665
699,530330296022,-122.1846924236842,47.33944105263158
700,530330296023,-122.17105752745096,47.33939093333333
701,530330299011,-122.27687716206896,47.32408596896552
702,530330299012,-122.2915197862745,47.32280386862745
703,530330299013,-122.27784454137932,47.33279686896552
704,530330299021,-122.2655261967742,47.33430088709677
705,530330299022,-122.26597917368422,47.30953778421053
706,530330299023,-122.25948502028984,47.32301784927536
707,530330300031,-122.3203485846154,47.35942289487179
708,530330300032,-122.315149756,47.348332658
709,530330300033,-122.3099564125,47.363763625
710,530330300034,-122.31778659024393,47.36822179756098
711,530330300051,-122.2962793923077,47.338717415384615
712,530330300052,-122.30185857941176,47.33271279411765
713,530330300053,-122.30742660714286,47.34010908571429
714,530330300061,-122.30063121,47.322768845
715,530330300062,-122.30699545555557,47.31945277407407
716,530330302011,-122.34300355714284,47.324283547619046
717,530330302012,-122.3382884,47.31917805
718,530330302013,-122.3417068892857,47.32857325357144
719,530330302014,-122.35118061666668,47.318270670833336
720,530330303041,-122.34926311525425,47.27654636779661
721,530330303042,-122.32427984782608,47.27535095797101
722,530330303051,-122.39368503333333,47.32097311666666
723,530330303052,-122.3704927,47.31986508275863
724,530330303053,-122.383282546875,47.319544871875
725,530330303061,-122.38396930465116,47.30095521860465
726,530330303062,-122.39973119555556,47.31100372444445
727,530330303063,-122.38463303783784,47.31188070270271
728,530330303064,-122.380062825,47.305079517857145
729,530330303081,-122.35767696363637,47.30726367272728
730,530330303082,-122.35492661153846,47.31283879615384
731,530330303083,-122.3468981875,47.309672175
732,530330303084,-122.354398625,47.302011871428576
733,530330303091,-122.33840819117648,47.310313655882354
734,530330303092,-122.33270799375,47.2976651
735,530330303093,-122.33840795263158,47.302374678947366
736,530330303094,-122.34333345789474,47.3011736368421
737,530330303101,-122.3556063764706,47.28629807647059
738,530330303102,-122.34834986956524,47.28693762608696
739,530330303103,-122.35330275454544,47.293181229545446
740,530330303104,-122.34011290714284,47.28757735
741,530330303111,-122.37447898695652,47.30596458695653
742,530330303112,-122.36760679375,47.303635025
743,530330303113,-122.36614271666669,47.31164505833333
744,530330303114,-122.364811825,47.306201005000005
745,530330303121,-122.36514306315787,47.28599538421052
746,530330303122,-122.36530069473685,47.29714842105263
747,530330303123,-122.37357818684212,47.2922
748,530330303124,-122.37213584782609,47.29708741304348
749,530330303131,-122.30729400588235,47.31086847843137
750,530330303132,-122.31249018235296,47.29748129607843
751,530330303141,-122.32437665714284,47.30733353928572
752,530330303142,-122.32430023076924,47.31156678461538
753,530330303143,-122.33193443,47.31130218
754,530330304031,-122.30303388837208,47.27380297209302
755,530330304032,-122.31478133559322,47.266492601694914
756,530330304033,-122.30470521818182,47.26119964318182
757,530330304041,-122.29368907333334,47.26785233
758,530330304042,-122.282702422449,47.26511667755102
759,530330304043,-122.2717199173913,47.26652941304348
760,530330305011,-122.23898958719212,47.3238278591133
761,530330305012,-122.22896788285716,47.31323785428572
762,530330305031,-122.21559314827586,47.33143467241379
763,530330305032,-122.21281570757576,47.34323326969697
764,530330305041,-122.2178205,47.31725006
765,530330305042,-122.2105414,47.31806660526316
766,530330305043,-122.21818349090908,47.32353833636364
767,530330305044,-122.20829851621622,47.3238474054054
768,530330306001,-122.20715374,47.311434334285714
769,530330306002,-122.1991624122807,47.30382321052632
770,530330306003,-122.2229757138889,47.3056011
771,530330306004,-122.22050791111111,47.31093483333333
772,530330307001,-122.2204259625,47.301221975
773,530330307002,-122.22456266875,47.29771535
774,530330307003,-122.22313480833331,47.29176786666667
775,530330308011,-122.23983810337836,47.28791656756757
776,530330308012,-122.22407752,47.28696887
777,530330308013,-122.2206923711111,47.27982987555556
778,530330308021,-122.2109351,47.27920860833333
779,530330308022,-122.2115663625,47.28760972916666
780,530330309011,-122.25474403392856,47.28758588928572
781,530330309012,-122.2561424597015,47.27240270149254
782,530330309021,-122.25467930465116,47.26155283255814
783,530330309022,-122.238220565,47.262064945000006
784,530330309023,-122.24262841851852,47.269805600000005
785,530330310001,-122.18648972897198,47.2651125317757
786,530330310002,-122.22158655555556,47.26336544444444
787,530330312021,-122.10777173139536,47.27102624186046
788,530330312022,-122.1568434125,47.27600875
789,530330312023,-122.0178732222222,47.26655777407407
790,530330312024,-122.03763632592592,47.246754816666666
791,530330312025,-122.10810469067798,47.239162593220335
792,530330312041,-122.1509848,47.32541937333333
793,530330312042,-122.12886277368422,47.31087781052632
794,530330312043,-122.11173288762886,47.28812387216495
795,530330312044,-122.12150956896552,47.32541739310345
796,530330312045,-122.1078759392857,47.30396618928571
797,530330312061,-122.18983852,47.312297208
798,530330312062,-122.18859354,47.312849395
799,530330312063,-122.17767205294116,47.31825543529412
800,530330313011,-122.01127568115945,47.21641596086957
801,530330313012,-122.07942964339622,47.2060932490566
802,530330313021,-122.01080499642856,47.19544971428572
803,530330313022,-122.00965688488373,47.18227676627907
804,530330313023,-121.9912435148148,47.19535988148149
805,530330313024,-122.00074868,47.1959596
806,530330314001,-121.98884875810812,47.20372871351351
807,530330314002,-121.984976525,47.210867109615386
808,530330314003,-122.00427081891893,47.20939848918919
809,530330314004,-121.99726657,47.20330649666666
810,530330315011,-121.89253165233646,47.37186573551402
811,530330315012,-121.85972795950411,47.30980920268596
812,530330315013,-121.9389189755682,47.28539313181818
813,530330315021,-121.62196563587786,47.2289656152008
814,530330315022,-121.96354585921053,47.22058579868421
815,530330315023,-121.95199963457446,47.175319705319154
816,530330316011,-122.06403912727274,47.336243156818185
817,530330316012,-122.089423895,47.32441826
818,530330316013,-122.1085896764706,47.3344937
819,530330316031,-122.000787308,47.34582297333333
820,530330316032,-121.9695483783784,47.33111035135136
821,530330316033,-122.00748852228917,47.29964439036144
822,530330316034,-121.99754453913044,47.3577064
823,530330316041,-122.0378861351852,47.34825475185185
824,530330316042,-122.03003285882352,47.35322787058824
825,530330316043,-122.02852814705884,47.34926529411764
826,530330316051,-122.03803640238095,47.32887349047619
827,530330316052,-122.0572432547619,47.31574206190477
828,530330316053,-122.02262227,47.32953132166666
829,530330317041,-122.13101221139242,47.35114431518988
830,530330317042,-122.14403346428573,47.35561200714285
831,530330317043,-122.158296115,47.3511868175
832,530330317051,-122.12828285925926,47.3767104037037
833,530330317052,-122.11463668076924,47.37644336153846
834,530330317053,-122.1002545,47.38051039402985
835,530330318001,-122.158153794,47.393139646
836,530330318002,-122.13039445706217,47.411827471186434
837,530330318003,-122.0951303480315,47.39989558897638
838,530330319041,-122.05525284607845,47.46215930588235
839,530330319042,-122.06941899333331,47.46475967333333
840,530330319061,-122.1048151068493,47.45476583287672
841,530330319062,-122.0986412075,47.4375022575
842,530330319081,-122.137014732,47.445184472
843,530330319082,-122.1419059,47.44349244736842
844,530330319083,-122.14841801764706,47.45034955882353
845,530330319091,-122.13879534390244,47.439701658536585
846,530330319092,-122.14826262777775,47.437993983333335
847,530330320021,-122.04964588133336,47.42158782133333
848,530330320022,-122.01408065862068,47.438179927586205
849,530330320031,-122.03072071348316,47.39611976966293
850,530330320032,-121.98891304444444,47.42268795925926
851,530330320033,-121.9887641409091,47.38506059090909
852,530330320034,-121.8885058701439,47.442030931294966
853,530330320051,-122.08507545714286,47.376466907142856
854,530330320052,-122.08975343181818,47.360100913636366
855,530330320053,-122.082711365625,47.361262771875
856,530330320054,-122.08582057058824,47.36907871176471
857,530330320055,-122.09562081351352,47.366600805405405
858,530330320061,-122.064759853125,47.3464331125
859,530330320062,-122.08023630338982,47.35553433474576
860,530330320063,-122.09505672340424,47.34974229574468
861,530330320071,-122.06428516764706,47.402311358823525
862,530330320072,-122.0649571595238,47.36838463095238
863,530330320073,-122.05553835853658,47.38684406829268
864,530330320081,-122.0542249404762,47.37233885
865,530330320082,-122.04976480344828,47.36442669310345
866,530330320083,-122.05235815,47.35989198333333
867,530330320101,-122.04344721333334,47.38562944666667
868,530330320102,-122.03074369444442,47.386043150000006
869,530330320103,-122.032925145,47.379937585
870,530330320104,-122.02129201904762,47.37480494047619
871,530330320111,-122.0310917875,47.36374375
872,530330320112,-122.03952723636364,47.37062248409091
873,530330321021,-122.01831468,47.472122685
874,530330321022,-121.92199469671051,47.48361358355263
875,530330321023,-121.99311199166668,47.51752409583333
876,530330321024,-121.99961310454546,47.459750909090914
877,530330321031,-122.05029442048192,47.54229860240964
878,530330321032,-122.03058165490197,47.53091088431373
879,530330321033,-122.03960318148148,47.53378394074074
880,530330321034,-122.05149712222222,47.535150875
881,530330321041,-122.0550618607595,47.51531930632911
882,530330321042,-122.0468648074074,47.52610138148148
883,530330321043,-122.0317402764706,47.51630715686275
884,530330322071,-122.045981215,47.58185384
885,530330322072,-122.04706474545456,47.58716497272727
886,530330322073,-122.06929006857143,47.57828471428572
887,530330322111,-122.02836470333334,47.58416192333333
888,530330322112,-122.011777536,47.57690712
889,530330322113,-122.01950043939394,47.57099561515151
890,530330322131,-122.0008534,47.585645325
891,530330322132,-121.99189034782609,47.57996223913043
892,530330322133,-121.9817671075,47.58781961
893,530330322151,-121.99901763076925,47.60208552051282
894,530330322152,-121.98772810280371,47.61312324392523
895,530330323071,-122.07641109655172,47.76630953103448
896,530330323072,-122.089483553125,47.75367605625
897,530330323073,-122.09479653170732,47.76879184390244
898,530330323074,-122.09838736333332,47.73962782333333
899,530330323111,-122.02472612553191,47.76356555957447
900,530330323112,-122.07441767857144,47.74612904285714
901,530330323113,-122.05036548275862,47.76260138275862
902,530330323114,-122.05578317073171,47.74204037073171
903,530330323131,-122.079299275,47.67721666590909
904,530330323132,-122.1044954875969,47.66843114496124
905,530330323133,-122.08363681794872,47.6681018
906,530330323134,-122.0899842617647,47.66192492058824
907,530330323151,-121.97524657118645,47.67526883305084
908,530330323152,-121.95524521954025,47.63961854367816
909,530330323153,-121.9954574891892,47.64752396486487
910,530330323161,-122.0850084625,47.64769479583333
911,530330323162,-122.06702812954543,47.64794655681818
912,530330323163,-122.06700592962964,47.62956030555556
913,530330323164,-122.06061252962964,47.63391235555555
914,530330323171,-122.0519359121212,47.63246835151515
915,530330323172,-122.03996634210527,47.63092361578948
916,530330323173,-122.0416209,47.6189594125
917,530330323174,-122.04885095714285,47.619037071428565
918,530330323175,-122.04424263636363,47.62543733939394
919,530330323181,-122.03275796716416,47.63798028656716
920,530330323182,-122.02942981785714,47.629628857142855
921,530330323183,-122.02968294166668,47.62475008333333
922,530330323184,-122.02627051538462,47.6209578
923,530330323191,-122.14627308064516,47.77039738064516
924,530330323192,-122.14464541333334,47.75714460333334
925,530330323193,-122.15572845438597,47.75947674736842
926,530330323201,-122.1159424470588,47.769621552941175
927,530330323202,-122.12081386333332,47.74517069
928,530330323203,-122.1362594404762,47.74911885238095
929,530330323211,-122.11585099069768,47.72091755116279
930,530330323212,-122.12694751818182,47.72744346060606
931,530330323213,-122.13627087256636,47.71887343893805
932,530330323214,-122.10030220882354,47.70855072647059
933,530330323221,-122.09333721395348,47.7257826744186
934,530330323222,-122.1017047892857,47.73067098214285
935,530330323223,-122.10626635277777,47.721097775
936,530330323231,-122.10764098235296,47.70114407647059
937,530330323232,-122.112153044,47.695537516
938,530330323233,-122.12619647647058,47.69790261764706
939,530330323234,-122.09916975555556,47.69701847777778
940,530330323241,-122.115673736,47.685053504
941,530330323242,-122.11426325,47.67801558
942,530330323243,-122.12300243846154,47.68417549230769
943,530330323244,-122.12464336875,47.690629334375
944,530330323251,-122.09793416363637,47.69078302727273
945,530330323252,-122.10067310810813,47.68712350810811
946,530330323253,-122.10657703214284,47.682369353571424
947,530330323261,-122.0551070304348,47.727797467391305
948,530330323262,-122.08358747169812,47.70296846698113
949,530330323263,-122.07714265128205,47.72822207179487
950,530330323271,-122.0260581369748,47.71668358907563
951,530330323272,-122.05914364583332,47.7034728875
952,530330323281,-122.0344641076923,47.65444435384616
953,530330323282,-122.0530819,47.66352655416667
954,530330324011,-121.95913144492754,47.75199204275363
955,530330324012,-121.95155763076924,47.73600098076923
956,530330324013,-121.98006166029413,47.73997186764706
957,530330324014,-121.91600088076925,47.71634255576923
958,530330324021,-121.96178611891892,47.72792777837837
959,530330324022,-121.97715576666668,47.731878775000006
960,530330324023,-121.9147532137931,47.69406356551725
961,530330324024,-121.9581950068182,47.70380152954545
962,530330325001,-121.8001526640257,47.72867653319058
963,530330325002,-121.88657691953124,47.634436933203126
964,530330325003,-121.91437763076922,47.64786625934065
965,530330325004,-121.89805351907894,47.66096684078948
966,530330326011,-121.89448666436782,47.56588079195402
967,530330326012,-121.87269128141024,47.58696228333333
968,530330327031,-121.82980353239438,47.52206825774648
969,530330327032,-121.81435884744526,47.51735872262773
970,530330327041,-121.742420296875,47.477273304166665
971,530330327042,-121.78810346226416,47.485863342138366
972,530330327043,-121.77963478791207,47.5053560010989
973,530330327044,-121.78237711428572,47.49411608441559
974,530330328001,-121.77288655761495,47.59087330229885
975,530330328002,-121.6728921849741,47.55540644265976
976,530330328003,-121.37297595354045,47.66902125670305
